country_name,factor_1,factor_2,factor_3,factor_4,factor_5,factor_6,factor_7,factor_8,factor_9,factor_10,factor_11,factor_12,factor_13,factor_14,factor_15
Afghanistan,1.1885132222993242,-0.08384954034285404,-0.17713049851811913,0.25415884738405115,0.060186631383624845,0.03244995184418799,-0.12190270581176407,0.048677871090428655,0.09301178270725022,0.044750101273460775,-0.05170447923633203,0.09219473212441069,-0.04907231787432671,0.018493743000112944,0.0013871709412339663
Albania,0.13148677648066104,-0.015755155093721076,0.25801732954804446,0.03031209396124878,-0.05231927590330241,0.055399386378888194,0.1613519076671746,0.04965759264405339,0.019445145568456914,-0.04319642779247493,0.013118482066500032,0.01948979529278549,-0.08355889606088207,0.060224613060430254,-0.044550098803462675
Algeria,0.6226089635515892,-0.040123279760901756,0.18628278229211098,-0.014945098773168722,-0.1334742133318574,0.17539598025952824,-0.08852049788434582,0.05246121235568995,0.005311442155645017,-0.041555981927480945,0.009141060985158166,0.11019634669378865,-0.01748239635907359,0.057381571919535135,0.014752535960652999
Angola,1.0804976011232916,-0.04763338804814189,0.09485403138975294,-0.0337028935262175,0.1206909463899831,-0.07392515887617057,0.0180981951472197,-0.059485250432087036,0.2158187247951843,0.18243135672663732,0.04475083438433652,-0.07966183415013864,0.06601670180679829,-0.007557043631145897,-0.016549217944140063
Argentina,-0.5551374443888935,0.1986972848124713,-0.06370619069896195,0.004106731600001863,-0.0058988702739362076,-0.12628899419522835,-0.12780102122958772,0.03281691775759771,-0.05746443344810747,-0.0009450744536871889,-0.0863839301495285,-0.05404447358122153,-0.02141616945664198,-0.04519824294020044,-0.034070192338808626
Armenia,-0.16333996652434782,0.3281596941319981,0.06880663393704,-0.2833454377715078,-0.0691677638759818,0.11326333230752031,-0.1831174537869147,-0.04879115724559754,-0.07554038234929017,0.05733211560342363,0.08910900029465849,0.02183596481862783,-0.06171298763660743,0.07237413152373183,0.006227411114719648
Australia,-1.5597593677085602,-0.131370557751746,-0.021301375836375886,0.1291416546545876,-0.020402524855390857,-0.06765531572580466,-0.016834106347201575,0.01656534016789031,-0.021733429451692897,0.02394571595724043,0.036960396517265966,0.010954144214778383,0.03573873762132021,-0.005215350560879894,0.0005802348159747938
Austria,-1.456372643333767,-0.0908038561867785,0.005488501356841871,0.08413350605518626,-0.03671074798116351,-0.07540863147947624,-0.06429193209465507,-0.023051379568385055,-0.018503056052630338,-0.0002192404441863687,-0.016650474664509602,0.015812214482344857,-0.021015592938761235,-0.040726786474395794,0.02343817928859839
Azerbaijan,0.9304905215585677,0.36041866555490726,0.2752701225790726,-0.18611745563778453,-0.16120666270708914,0.07042397259394081,-0.04970070457606332,0.023460828057101833,-0.003603889772156384,0.08812631033660162,0.0018953455595195892,-0.0655110381500257,0.07972890050382075,-0.0030431628307013765,0.03292125930656953
Bahrain,1.1990424690339703,-0.40394576499031754,-0.11385335435854704,-0.1716656992681687,-0.0037775799529453833,0.027639487248866675,-0.2845111868048703,-0.07128354530460417,-0.048896466235310576,0.09604314660933219,-0.047590233582647405,-0.06978738686329314,0.07440436460984898,-0.01734270493238702,-0.08607398365789695
Bangladesh,0.44176429656020283,0.3836158403054536,-0.04433041048097115,-0.15853853430768666,0.12715840691952277,-0.021430382139992175,0.013869185393808657,-0.0700730787773826,0.05540590113117387,0.12689261260443374,-0.1586030101042498,-0.010918726997239924,0.04719875743814793,-0.001121882026980069,0.07105404282841322
Barbados,-1.0999275416231078,-0.1318361561858029,0.10745191660586252,-0.04409113109843594,-0.04396676796172177,0.1806289804665986,0.02360179965621897,0.033357161654035315,0.19740914072120302,0.20578211897492094,-0.03755089023695038,0.0684551755010692,-0.021567112016275262,-0.06942002043969567,-0.029955985274159356
Belarus,0.37828208632400523,0.08245105889251277,0.5326814182602189,-0.275551548716966,-0.15380511103481107,0.128595236548157,-0.11354814730623776,-0.1327704492992066,-0.0536595625671466,0.02841283782133049,0.04439532770207547,-0.01813387960935594,-0.0584663497111698,-0.021024615506245486,-0.11034141012830374
Belgium,-1.537831158207824,-0.11898700148058396,0.06053867715741907,0.08625556826883399,-0.052609633783836894,-0.07726563352476516,-0.07018275169952874,0.0029093456228993578,-0.0030221315585042745,0.014599496775066856,-0.06592424767051046,0.021998415006703693,-0.0047751900113154125,-0.03617868623970929,0.011754105122832773
Benin,-0.11129296323434061,0.030821362466483846,0.10202707122002296,-0.15463736391969185,0.17900983906009585,-0.0005067466872301294,-0.04333562969972717,-0.002491710746648866,-0.04713630213303671,0.06572297343210151,-0.03854984327141303,0.04798819514028557,0.03998094573521714,-0.03419169795340946,-0.010031540495580069
Bhutan,0.1650391619056161,-0.835334392040747,-0.13255368295695213,-0.44508411785300817,-0.04788336813127799,-0.0919548071486956,0.15850938814684307,-0.07860120922523493,-0.1065260545687159,0.005991369666556944,0.009250007640243032,-0.044415026781876976,-0.03049882767723237,-0.01246459532591795,0.06918571706953784
Bolivia,-0.0007847008330952565,0.2705170312792783,-0.11285849222456311,0.022952735796269833,-0.0727903043312886,-0.09284965726551413,-0.13766390819533944,0.02187317210739005,0.08475730306330946,-0.0943456648542861,-0.09473648421002191,0.013676511433834014,-0.02962076062408525,-0.018046377980594535,-0.06665906666859366
Bosnia and Herzegovina,-0.2413029634344268,0.3586789913032669,0.022319424703061842,-0.19649687830352078,-0.009567122016338785,-0.03624787645096639,-0.04298653149101744,0.0639399337193,0.12768548323274956,-0.012520972492318152,0.09012821025787077,-0.05297294603058347,-0.058233930399162866,0.030995986704658276,0.0051430765534343885
Botswana,-0.8613907898479363,-0.11706753636307946,-0.27731719109366465,0.07580163568196363,0.016360826075728863,0.22078663009589194,-0.00750888305663567,-0.09292895432952726,0.015607517358523523,-0.03087510787882027,0.0875248800278015,-0.03889452508090293,0.009364702155016806,-0.014015496894540612,0.02097970689742642
Brazil,-0.47829577456524364,0.18768077993236842,-0.17404726083862934,0.0676408757029327,-0.08000247772577904,-0.11327899665996352,0.0625578973684034,-0.059374321714105484,-0.0755198444797038,0.10180866193793774,0.037775665360474296,-0.08421568210383322,0.02296423403018056,-0.014379050860298085,-0.07975563695131402
Bulgaria,-0.3022542745359064,0.0407232258501997,0.3332348628839082,-0.031272366541472675,-0.02423431631631241,-0.07874673513514087,0.11012541387046837,0.07933575762478248,0.022777450179213465,-0.04237336226936913,0.147212923314636,-0.013244668770133819,-0.03241463832996022,0.03444551304909793,0.09719221442612923
Burkina Faso,0.025118626926750657,0.027599893186026136,-0.008865651436714998,-0.12833253952563958,0.15809027713999035,0.08316723794523782,-0.10418638950876008,-0.12781884906981333,-0.012714246735448811,0.07434375900727065,-0.10541304404120377,0.02412307018722834,-0.11097263851880416,0.005435790293460573,0.008638966511357675
Burma/Myanmar,1.362769783039959,-0.029166658289392,-0.04780877310699793,0.2313241329943593,-0.034624072587053877,-0.021945480504478712,-0.13709615191028768,-0.039305128847784664,0.05509571205046023,0.010672457997351193,0.07596752659567685,-0.07219279672870274,-0.010267839133616532,-0.017375103286695545,-0.020952310150523148
Burundi,0.7733841670379117,-0.11904848026699355,0.13322174182789737,0.12005998467976146,0.19345290985831798,-0.09891717826644801,0.06425456038161638,-0.13385785344367038,0.011055042279030296,-0.01134958754245743,-0.0272126542566222,0.06119076651505867,-0.03023730784659447,-0.027672339034106725,0.006119274989813501
Cambodia,1.0340642465720737,0.17037336019591576,0.10504602004968451,0.10690613828285758,-0.12953611554755298,0.0006553087138081186,0.035497403975796274,-0.09469315266602847,0.11949760432021843,0.009066102415681756,-0.13656436987499657,0.021453772778510544,0.07825353617129635,-0.0174351757321108,-0.046419039483549265
Cameroon,0.6625146858221685,0.3587217668421454,0.09797144894433787,-0.17717014954288945,-0.07373969730239377,0.0588958440253773,-0.02387799051680495,-0.025820406713371352,-0.1142482062328749,-0.025810640483173133,-0.112181264033595,0.033578367845839244,0.09190336675764788,0.002588203220918862,0.03947529937971452
Canada,-1.4019576740129638,-0.13071346168785913,0.03380174433474318,0.08990081565827317,-0.02450530385529826,-0.0396837055265261,0.007026039183736269,-0.04374907806149228,0.042442432814298346,0.0037060837799087077,-0.019095265754133235,0.014013157644014436,0.017007923877710062,-0.03068479529567739,0.005293669922831941
Cape Verde,-0.5223281527084277,-0.1863735806053896,-0.07667038908879877,-0.014463178730485485,0.003541640253743079,0.12240654818480735,0.06412116914048002,0.1249250385951042,0.04692305017861798,0.014589766177852887,-0.048470307282740974,0.014069126773858251,0.03406896593213704,0.013302859669768864,0.05106375120126666
Central African Republic,0.7455819000947097,0.21658690617949747,-0.014718554287381872,0.007413540279295328,0.052847264874212624,-0.04200539398160411,0.017128173582668653,0.11556533116036553,0.07030366919537866,0.04127245310582438,-0.03148264193556481,0.10624527065822369,-0.030526250722390486,0.052263692921899474,0.020683577723194867
Chad,1.0845152241864793,0.24904712604780452,-0.08895422444640692,0.014347527211366428,0.03927977852705152,-0.01083890920388968,-0.10041300194721502,-0.08320089633392358,-0.04182154317608652,0.10213744761381507,-0.04097248742668921,-0.03960961857746156,0.02412295079964952,-0.025994887934023984,0.04450062942194285
Chile,-0.5008324172006734,-0.24649025301120678,-0.16797418686855312,0.210650470758912,-0.007316571823875094,0.1397229878434596,-0.046578990302540965,-0.1093731909433916,0.03986967265115429,0.07986331089238032,0.0010947376772595053,-0.06253294979098846,0.13574429208697125,0.0067906955596891885,0.019537151202652977
China,1.1406212252828158,-0.3249197580038931,0.39777330435361646,0.029720277256256707,0.2705468707623435,-0.1722096433848651,-0.05593707569834233,0.014194375590496175,0.17934012633716284,0.0915030347569167,0.08088932275781403,0.04649108958812645,0.06143872339536737,-0.0526552679480878,0.005420971002391881
Colombia,-0.34629902058815604,0.0982157895798078,-0.1180384314115195,0.12350525827337687,0.059171332963317044,0.050569088922131834,0.24018300176758636,-0.12309373150375158,0.030831284261665697,0.06208433691203981,0.06563657039244003,-0.03171442777848911,0.04315115373959609,0.06247053190120405,-0.027149870113112134
Comoros,0.4977375667918597,0.11469161397695139,-0.11543170666548301,0.09197975704367795,-0.031058851197678403,0.053012499212966205,-0.04962980404826543,-0.041128080244429495,-0.05236527815732745,-0.11214849640079828,-0.045287764546706986,0.09311806336676101,-0.10933296240898388,0.07563153900377224,-0.016551429056908172
Costa Rica,-1.457573532526601,-0.008091690963097831,-0.06322606723031586,0.08829115246894109,-0.034448216860835115,-0.08286384017569104,-0.057912427374233764,0.05727767535191102,-0.008930657278878337,0.052713912135935945,0.019046919207228296,0.003900245244437479,0.012715485122246163,-0.03797202517307213,0.010218211287865167
Croatia,-0.8283673137202818,0.13613763704468398,0.11960272120809658,-0.1037079927867294,-0.01750098222691898,-0.03468764705842032,-0.0017002177976136656,0.046910926749343135,0.01196961352832087,-0.01749306402686533,0.05207165187334895,-0.06122705315378298,0.0289953742950896,0.02706001401801834,0.017959907524378774
Cuba,1.1348124602732181,-0.1958332120203541,0.6624525991317936,-0.06903711018997771,0.041270542227671896,-0.13524600091824845,-0.15877401073968397,0.17681548511945294,0.05595975856583606,-0.04459807941821168,0.1886945580307305,-0.013018049451228074,-0.043155259432754035,-0.010619020205178008,0.04538971009832059
Cyprus,-0.9524359436720807,-0.07747517776449764,-0.04997259536385939,0.128186352613652,-0.09107623154437915,0.060313372839962284,-0.012052238104987168,0.031990425439333045,0.05474689224451298,-0.019399214306158194,-0.05733502507626776,0.022531207637621474,-0.057517135689300995,0.0010022367177189944,-0.005953659972675995
Czechia,-0.5081788589004645,-0.013261597810264786,0.2475217641335974,0.013501349856640737,-0.10054555360654813,-0.05575253504676349,-0.08868466859891305,0.1453662558721277,0.03826528568234579,0.05890430477012664,0.0619117348665401,-0.013018778507540624,-0.021053297227870537,-0.0015268883902906294,-0.029961206965070847
Democratic Republic of the Congo,1.0367356737092974,0.30470935758174983,-0.009229144170400055,0.15941916471715067,-0.04989998039266826,-0.19259552592230492,0.044559117315368456,-0.024090405499950767,0.014163307836184762,-0.06899194311304627,0.02274283954327628,0.06015900332461867,-0.09007341919625877,0.0020622742999751938,0.011027432916118154
Denmark,-1.754261908492753,-0.1257188128367368,0.05268338209501668,0.11965571283408565,0.007389809748963544,-0.18123943396154,-0.0338018945867872,0.03344676187432546,-0.05244084473337221,0.03676013132919719,0.022978167878833004,0.07282529577528171,0.022181673230069296,-0.0011807792501840276,0.018470873149933283
Djibouti,0.9538854813914405,0.06817055060507488,0.0006483134827567698,0.12838599557028244,-0.1575083435630988,0.11573341145688244,0.013705831266286992,0.030035320320002196,0.06887244216937047,-0.1190349343197998,-0.016526866907501235,0.054796868584677194,0.005335468069381631,-0.05170327476498503,0.03169985984683033
Dominican Republic,-0.1267278209524305,0.5377017665646365,-0.13791641307423128,-0.19143703238050094,-0.04367620815123324,-0.09352306053622876,-0.0891054711700549,-0.13508293709689345,0.08292975436798268,-0.03585474685986303,0.03102958129805458,-0.016917436958070808,-0.004886771591482678,-0.05298211978935144,0.014394102991130153
Ecuador,-0.22112252737142285,0.3327558464913758,-0.1859357613620214,-0.08842899391633754,-0.07674298520766491,-0.06248183966404969,-0.14212192132327428,-0.09783238088880515,0.047990688258489685,-0.10007056887678548,-0.001747656294025008,-0.04655414257172669,0.07846676817525441,0.060378940850107476,-0.014647547927920848
Egypt,0.8597904012193962,0.01650870678677943,-0.12295012666604584,0.19272004389499156,-0.02704232850091855,0.23845318830883072,0.20385204235077367,0.10728435653518624,-0.16979875286112733,0.08047217507485104,-0.052427812813696316,-0.056188183585343845,0.08167817323880276,-0.031691432897402394,0.13429707374224586
El Salvador,0.3890385686846745,0.30069824944702983,-0.0999275475206222,0.06838050850671035,-0.04258036086055916,-0.053753148585784616,0.0840178557104933,-0.11682017774423793,0.10275706430340896,-0.03222616580085065,0.07889187541443879,-0.0492299290875322,-0.015319479907146253,-0.024676162151328312,-0.03835243383578307
Equatorial Guinea,1.3965572775814206,0.09423768433085086,0.07370363820154245,0.10845882206732953,-0.3012053721670538,-0.05189316268366,0.08164667442675048,0.0721841293174941,-0.001415783130126901,0.060896636784669854,-0.09994776720371845,0.011685832109270357,0.029275329252323158,-0.004237991808168985,-0.01892563715168782
Eritrea,1.6743425958600584,-0.2928882779514464,0.07454377533274043,0.2846338578362798,0.006149324847593052,0.013684356460291473,-0.2991028629426138,0.03397180901336666,0.059699874304832624,0.07828128860605926,-0.02615573707860011,-0.018276130944326802,-0.09477807081542725,-0.0074335064924294465,0.044884912496294886
Estonia,-1.508033907046444,-0.10330972679613702,0.04841184138473563,0.07225992944738895,-0.017231758321302634,-0.07296831868576274,-0.02693017663073995,0.02095489200764653,0.019734315245903668,0.04367075436185841,0.03194062442436109,-0.006292205224108126,0.03088051704579803,0.021006386019456567,0.01782684179254249
Eswatini,1.0144071371373318,-0.2690471601363593,-0.0877538848576978,0.22356409754292805,0.32762584372651055,-0.11113200268219194,0.0029751040312197934,0.00334762843120001,0.020939175539824207,-0.1961364461201927,-0.0035258950584597234,-0.05133280866410385,0.13462424851081267,-0.05171250947586632,0.036399089630445816
Ethiopia,1.0041008848172355,-0.07193681202081569,0.19438576650681802,0.14176498844456054,-0.080655781151679,0.052674757454717294,-0.014054413730943037,-0.10047313386057878,0.060012616420926077,0.00240979859674376,-0.08720301764280765,0.06127477578638246,0.003447680307198101,0.016674740188052505,0.09393040874304275
Fiji,-0.11387590635492172,-0.11400606410103967,-0.12596578637201314,-0.07572564488078849,0.016109384252404168,0.2733613375953981,-0.09653819526923442,-0.06041729612018954,0.031257624219823366,-0.10020374662146853,0.0016425745399242205,0.00562661288494577,0.0548625295149005,0.02114984848961162,0.00851152876776285
Finland,-1.5895227411426773,-0.14372697044105565,0.07682149703363876,0.07050050383365657,0.018790134098066003,-0.08760999757405678,0.006018936483642405,0.032902381172361765,-0.023925232774683006,0.03320576941986573,-0.005133566807157714,0.08338864941377948,0.04203515171300206,-0.01912476164532267,-0.0015831392917415707
France,-1.4910761986080574,-0.0854064393153719,-0.006571750839702689,0.08302648240596802,-0.04206957336055199,-0.06363829803269294,-0.06349036818093165,-0.037376215245530774,-0.004932204003209153,0.03963997953823791,0.037144688163311755,-0.02003974740231912,0.00971524037624488,-0.04296859532288699,0.008484240679954777
Gabon,0.4273519641967707,0.34429864594734066,-0.00149972736581742,-0.19260589296029626,-0.0426556872525789,0.01844077881474119,-0.018709329823015663,0.08318814336846192,0.014719846163232287,-0.19262678631709437,-0.13165312414672223,0.030919852333252923,-0.005896866869641493,-0.05158724275633264,0.05717957073248414
Georgia,-0.33142033243042585,0.1669389798174349,0.15257015393791587,-0.1821169355701829,-0.011240452144295787,0.08205809381355418,-0.01008995401434809,-0.08961276226770223,0.023261893526435668,0.10057023407700454,0.036620334055207426,0.051415422614714414,-0.10456029087338774,0.09020480995508262,-0.018804317223633408
German Democratic Republic,0.7633334873886715,-0.31345554423542304,0.7332605157392864,0.07134418287529488,-0.2549960385964756,0.16153977600332883,0.03417655335368502,-0.10442041059195073,-0.03723776116914784,-0.01161080067267442,-0.11879673674702793,0.09348424363826684,-0.048977130171816395,0.07598382931076589,0.10151334050009408
Germany,-1.6283221995438664,-0.14258819798137234,0.028497204926662696,0.11553577313281889,-0.009196484504865984,-0.08942505565340535,-0.02840351639391178,0.03565411919039797,-0.052587177518484345,0.031112388443792632,-0.016288317089284562,0.08696058790524953,0.06443491588451844,-0.009591884785459408,-0.016867544163811303
Ghana,-0.17519879399503943,0.14828432938518987,-0.12098595665991742,-0.14505871593251052,0.16218026538385652,0.02491875141689403,-0.05281802447094611,0.19347885961992262,-0.0005302153420669854,0.051163608483462075,-0.015751768325968654,0.009949805409206555,0.027426430053154875,-0.1237835345850308,-0.00794407730217513
Greece,-1.1323707939752574,-0.012797547842989246,0.03273936036539749,0.043331444795889726,-0.049402905204508185,-0.0481590911462287,-0.09234964252697224,0.07750960898746427,-0.009692532281844928,0.0613166193530142,0.038687037637455714,-0.031384982749971375,0.017240047637920756,0.006600600252790036,0.007927025214466001
Guatemala,0.3737225120698408,0.29924681899528605,-0.22897872747448414,0.21348711370255594,-0.011010741677369816,-0.07520339096018763,0.1953037814231366,0.016878117008318556,0.0797684916556296,-0.010175864009792595,0.06559823297021286,-0.05501389949337854,-0.03785652233421206,-0.01197749758183038,-0.01819759097284629
Guinea,0.9546171682321218,0.20675865747227776,-0.0705204881315534,0.07360274900655168,0.00034459508861825965,-0.06268821138265313,-0.09277620426519292,-0.043782834205528386,-0.03525398347815818,-0.07335016398158178,-0.011561892570949212,0.06612212162671674,-0.10434226273409489,-0.04454824855559785,-0.006081184202493109
Guinea-Bissau,0.6693656390018252,0.1638024298018117,-0.002360101497790491,-0.08532214041604376,0.06859057647707457,-0.06172490682156041,-0.013496990736547329,-0.008314743972846393,0.05716842220323155,0.06074017027471732,-0.05974830460945744,0.014354488697098324,-0.0016615720302069212,-0.08307631176032294,0.023502175369660497
Guyana,-0.20460614974432279,0.22399452711213283,0.13111184623070024,-0.23668513213180944,0.06100490269530776,0.039917178962585224,0.043537668579087405,-0.04691919588508437,0.02466621192214565,-0.033672226687363555,-0.05439007295111335,-0.13949040837716084,-0.0988093386965428,-0.006246181238276686,-0.010214629814360296
Haiti,0.7084354821269832,0.3080245373491149,-0.33074980560582706,-0.014124014685019132,-0.031355798921879695,0.10041879363178155,-0.10777156823650957,-0.03008051117270282,0.03405576904690782,-0.052152834671910224,-0.03810742771147772,0.041335149385675334,0.1177878546131911,0.0019802464220711785,0.013429804954930012
Honduras,0.2522433680096596,0.4195256096237105,-0.2067530694497679,-0.0612260465170072,0.07688352538199321,-0.07292208179316752,0.05065094283750266,-0.06279674418309493,0.0749747496595515,-0.023307652865808416,-0.1007991225283708,-0.06640214934018396,0.01997231881236981,-0.05037689173482878,0.017256748829180057
Hong Kong,-0.3032385360028951,-0.6091073487155227,0.04954367532362773,-0.6228061191441681,0.37073076942571015,0.08522103191204307,0.030133675657765237,-0.09208596337057168,0.19430834301756195,0.07658785134497557,-0.1483024815870909,0.02114062810700607,-0.02559986780836048,0.06972310471716604,-0.03324981401835106
Hungary,-0.360887829043151,-0.1156505562696184,0.20200231517665437,-0.024845370497389118,0.051241857349836946,-0.022291059514852638,-0.02911242123517253,0.09775585366386441,0.03354740893684633,-0.08823604526984379,0.011512873683201471,-0.11032244126170465,-0.022677944208560816,-0.0002872748806833292,-0.11526771443750594
Iceland,-1.4637272955655878,-0.130682671842827,0.032771079020748765,0.0743489710406736,-0.056910082602189924,-0.03366841486495599,-0.08088923791638067,-0.059001122664699,0.008134693092825105,-0.01883401292587858,-0.04015949716581354,-0.007210401261002565,-0.04871741401753788,-0.07041169212752374,0.016999629325005122
India,-0.49878551994936715,0.16610850888967518,-0.18331209041544588,0.18315761562855506,-0.02605632839072275,-0.06487107088663281,0.14040928223013982,0.13961630822199814,0.03411215054486723,-0.06585748680853001,-0.09251041895634228,0.016163932028233144,-0.011170367529062638,0.024188674466481177,-0.048287372969791374
Indonesia,0.3674135449442361,0.3153446990652727,-0.03146731654742668,0.08466021545963043,-0.13904275735921412,-0.03472210834586981,0.030480293013546586,0.1181420194901996,-0.01216174057282349,0.0005324766567819132,-0.11178359976881395,0.02330354964194733,0.015819581407323428,-0.019564589795358068,-0.013184006496491969
Iran,1.062783581123211,-0.24480232237820654,-0.05270556008076412,0.2694225210869208,0.018864431850573862,0.18958756855846,-0.13043254036682947,0.07699699309928187,-0.17382047754111815,0.0790507036951584,0.0011386031677699682,0.0816792691077244,0.07952924402978526,0.09688815945385278,-0.07920641814959928
Iraq,0.9887804619133866,0.019303135200006566,-0.11222213745645046,0.11373058352598256,0.0364861300877972,-0.055775329992103384,0.012798147613132827,0.0861817741288567,-0.10763774601774401,0.06836450132968408,-0.027401742716380958,-0.07912871780583304,-0.008834532869347104,0.03814503442680227,-0.012986687307490115
Ireland,-1.4259487314444712,-0.0992310902915341,-0.08534180661938158,0.09344079361118796,-0.05370304660625204,0.010187222453638732,-0.08964615213940715,-0.03348630699928158,-0.021411530847513155,0.035844517597099404,0.03986281137302422,-0.01860493741762958,-0.012386047477887976,-0.061066424767962674,0.009978668998344625
Israel,-1.14619295237791,-0.10797253263190909,0.04182676756026447,0.09675602798109566,0.022252803540918152,0.012770723971523942,0.10366275278071287,0.00469581754662044,-0.02449307388802138,0.03733338042017847,0.0435289646965282,0.006469970189869873,0.0380333164811707,0.021953147912248314,-0.03592045075336675
Italy,-1.3632573756183515,-0.006595326655399724,0.00734397162861196,0.0794333064268757,-0.032005735031713174,-0.12178645524374306,-0.06199239980580898,0.03315225456493931,-0.05005763096194285,-0.04008459037135443,-0.01882478676401581,0.013990097213229906,-0.010206219460111542,0.031455858039147834,0.02135014848521147
Ivory Coast,0.2483121669076615,0.2164235458397068,-0.07089544022316721,-0.08363620560328804,0.009034437087182495,0.08099614986915853,0.07536090832006954,0.0021639261595906988,-0.01940790632509673,-0.11212673157848126,-0.05858575747354899,-0.07615415264566038,-0.07711927279005037,-0.09202105923989375,0.013658307147631065
Jamaica,-0.9593467693359401,-0.012915457244282044,0.0874503055070597,-0.0721614713007,0.04856285730868875,0.03366572814419101,0.09972755605685042,-0.09870946074013043,0.08743388041600167,0.005589190097125044,-0.019544250210778463,-0.021124451232873764,-0.058525568317682596,0.02772742515857751,0.026496320551608367
Japan,-1.3082431329546267,-0.15520960203537712,-0.11603271245375563,0.141523019818908,-0.12682854143070715,0.11880135397920757,-0.12686949723590127,0.08115857969584002,-0.056481759091333884,0.014867873595232343,-0.027483351185216675,-0.01355648599566381,0.002849724605330877,0.048141559558963785,0.0018961740448798217
Jordan,0.43222181358727446,-0.40580703634079585,-0.13699680695353159,-0.11442558609301112,0.33824494429419183,0.24813410273938682,-0.1567944796651909,0.06736898335904658,0.040645568553763604,-0.024607415068664634,0.03232369816743411,0.009096225411719297,0.09892213697336268,0.0504786804319378,0.01321049115044944
Kazakhstan,0.5486661763687201,0.32765953119089525,0.33371337893208786,-0.30740900361473433,-0.05520442047663915,0.05421649942797068,-0.01966266582285913,0.022578689553111597,-0.03234436539851184,0.09011236973431465,0.014700350391646551,0.039756119801666205,0.11892097414291178,-0.03249138865398815,-0.06625729977953114
Kenya,0.2666453863654876,0.27544359063792434,-0.12477190757856839,0.07360378156773097,0.050885131968756006,-0.04164235471833278,0.13345366239011877,0.041418864627437,-0.14181297197458154,0.021417722254295626,-0.02013354756313074,0.1065422128006507,-0.024343603614950617,0.028809599876695107,-0.01389378920303433
Kosovo,-0.39060771269294836,0.06969330481799678,-0.05145298774623891,-0.008648129941324084,-2.677560900605784e-05,0.060693989656248656,0.05644598091680738,0.051481540167503954,0.17681403832604206,-0.06168154287877076,0.08718758683322196,-0.0021351901998351124,-0.10210984281748961,0.07313684593349502,-0.04601878764374895
Kuwait,0.3864248726969761,-0.5087504113326813,-0.4712686638973477,-0.10746996236484288,-0.05181161925585854,0.19814812317477923,0.11127975544005703,0.2263341547435844,-0.15164213852820188,0.0025713559403988586,0.07830910618715839,0.17967442771038647,0.020372277747920654,-0.08043815598495843,-0.06776112169792618
Kyrgyzstan,0.2193523683220969,0.36579683392259044,0.09037080488508273,-0.20751778328711887,-0.01326636611010489,0.0261865321079916,0.0024144006875010376,0.09260929422867512,-0.07567660930247913,0.03903902228828638,0.07306745517468359,0.05481244331540281,-0.005866827931481873,0.0772300761216696,-0.002059000191751785
Laos,1.2299828802317871,-0.2665279170055287,0.10222032930825041,0.3419062630920968,0.24841860605776364,-0.12589814722644688,0.14666877118263133,0.16459436435356523,-0.03294319223708169,-0.042529779784841036,-0.0008555695190432431,-0.19756946573319598,-0.010840240750749642,0.027815589099021994,0.02067572214654054
Latvia,-1.3068061187626672,-0.023002026302500516,0.08903698897717921,-0.009945874416813537,-0.009058186654648812,-0.05995259760130561,0.0012511034160271328,-0.03756820833655401,0.0313265199560098,0.01276330498735295,0.04191564628640759,-0.06384321663153554,-0.003410667569834071,0.013234191726604514,0.031825461390440714
Lebanon,0.26190694788687036,0.3321508760345444,-0.22078640259449236,-0.12905569276679468,-0.044599904527355766,0.1823620385657918,-0.09908170364572125,0.010746234670970186,-0.005732552903298706,0.10038880008796158,0.20213752677532557,0.10715026897473698,-0.055213778879646416,0.010891417638018505,-0.004100142817890334
Lesotho,0.04419685715575218,-0.024214963859644695,0.10257726330953859,-0.07118992570933985,0.18877018939320206,0.020279051242586603,0.05051575787366801,0.13700249304759568,0.017546492298858535,0.03359436226311683,-0.09950218543123539,-0.0254677199707303,-0.11234195360615155,0.023332952411144605,0.052390059265283416
Liberia,0.2838733497924155,0.3138480749085121,-0.07444824005004444,-0.07529467185013484,0.12420212089825243,-0.09420666716830241,0.004686315442689019,0.06573457645669366,-0.04039487497106367,0.06575492871342037,0.0491943340301147,0.08025981237488455,0.039812802834452314,-0.041664735482382614,-0.013560654495878177
Libya,1.3570346992833764,-0.11757856309966037,-0.1433642771866127,0.25856047699033435,0.11555406806758939,-0.013057879565463974,-0.20223037760562027,0.15794956189267517,-0.12935905353352561,0.025836165476654266,-0.02664126704202753,-0.009176351950345253,-0.07241510109429962,0.06109519829179649,0.08472589301305532
Lithuania,-1.3936026322048267,-0.0932530949041236,0.057990018848355196,0.06162336603410263,-0.010826375829739497,-0.042924300333054555,0.007048481022803373,0.04847964330826725,-0.03737757017237342,0.0002699696386865123,0.06297533364394264,-0.04983019895735943,0.03597873682633345,0.06637699295231085,0.06077241342154916
Luxembourg,-1.4944807295732632,-0.1331492989912994,0.028918754872330737,0.12205821480513664,-0.08014556832124477,-0.06244899864161362,-0.08939545522339563,0.0182342449541737,-0.002222203006955973,-0.004314623336508526,-0.13587017329948237,0.08252979412860927,-0.010167123736690686,-0.013265704641929317,0.0044785278457076996
Madagascar,0.297028703700862,0.3062484765362284,-0.03706519877324434,-0.13848741513116616,0.06052676222936754,-0.036654987065298864,-0.013713851176230935,-0.15723830415487589,0.041604273127646196,-0.07475192603787759,0.04867300312478477,0.05239068703417943,0.0448361374697208,-0.008487349547939817,0.08316486538202883
Malawi,0.23019333687285282,-0.0365255096477437,0.02521525226403397,0.1675655836088025,-0.04947630150868295,0.15910968848659235,0.19286501778763868,-0.059569842995299625,-0.06231294670613,0.036351423024291084,-0.03665859306477422,-0.03727838798622708,0.01183448620859392,-0.013554470388065645,-0.022782688777003263
Malaysia,0.16375984859900383,0.05399511378973037,0.11213798541996856,-0.10403128567656494,0.021530643229212793,0.12735387750732552,0.09806244892514984,-0.06449956763827772,-0.05804842356307764,-0.17040951551970435,0.07553505247651252,-0.1017266813355816,-0.04402413840630153,-0.09022394474100641,-0.018346455706179845
Maldives,0.6577657650750924,0.09239840966791261,0.1365160494063686,0.010937927168989591,-0.1664789539480021,0.11090958606221349,-0.056735498387262884,-0.010937149549381927,-0.035660722379599344,-0.08114843796661622,0.013931989233714503,0.05377461224077717,0.03174735959327408,-0.09286825790874345,-0.10500343875494121
Mali,0.1575598870092844,0.28976647673330524,-0.09055538608238158,-0.16922216860963593,0.18364732917549556,-0.0749573032872982,-0.03902111086998472,0.04956837703604185,-0.08349534344672993,-0.00022112210210101517,-0.05777955858811941,-0.02154479183349273,-0.10245727196580608,-0.1287079984435187,0.019904474005042073
Malta,-0.9726331583602499,0.031048995162967226,-0.014208582012412797,-0.0491500160389496,-0.1260032962847589,0.08828306232064315,-0.1823109743841953,-0.04470531525188619,0.04295538383228642,0.01858238245020445,0.00213397273751453,-0.005243707762329037,-0.10584121324455047,-0.08193233508306974,-0.053549374995237896
Mauritania,0.7313278719313829,0.20034020017409937,-0.10415589005703052,-0.04848884766389797,-0.05528201390779053,0.08672491359821914,-0.13155295705129283,-0.006071351386538793,0.1234154047108557,-0.032865204560423515,0.028872350721324318,0.08270136975152255,0.04242605771777228,0.026456508061249023,0.10929960509246275
Mauritius,-0.905187697977216,0.10632542150659226,-0.16627138771214242,0.017693727048110446,0.032814578956755915,0.012884379271771407,-0.0268680140644073,0.15131426793539188,-0.05187576564320035,-0.008517114873801433,-0.030087468131254978,-0.021306230779935542,0.0018497527101239415,-0.026252122672511823,-0.16808980143698363
Mexico,0.02332797822232309,0.32301720486706803,-0.06895374210456363,0.02475974672928245,-0.08545270116739499,-0.019187057704493332,0.06738747313070888,-0.07834363912561847,0.08549260986617437,-0.004745909373709777,-0.046701337710374824,-0.08505056947002307,-0.009808669592776665,0.07396440521844018,0.0022141198625560523
Moldova,-0.5140671912351226,0.28883114888462097,0.0436500876531345,-0.1691592842569627,0.06286552335016482,-0.0058530995681123936,0.08435267463049353,0.14720687395363496,-0.04699655468194879,0.017238960997876165,0.07403631429033354,-0.11074146496231993,-0.0019944929144602116,0.02564234082100507,0.01859366009680306
Mongolia,-0.16910262154669284,-0.026183528867813687,0.2051848075756106,0.02265921462085834,-0.07426216207527711,0.05745796733445319,0.07152201135600664,0.06182541505905427,0.056522300540361704,0.03161048960058134,0.07845959608706471,0.09336359841278033,-0.03441248667977126,0.026568812373183537,-0.003081795983943318
Montenegro,-0.5502887723675597,0.17001411106597408,0.00800995027098447,-0.23220163708713248,0.07447811474497927,0.08573104138940339,0.026452805774528337,0.029173865754502683,-0.052714220790807814,-0.058013849433586846,0.05881295346716956,-0.02415669280077226,-0.0967309935942589,-0.026278554854044317,-0.08350670508759821
Morocco,0.5988049847647664,-0.07990847005532946,-0.2227121211340204,-0.0491026001543413,0.40140714742021816,0.08092143054609409,-0.11151920414600641,0.13616620069670843,-0.015866528809752194,0.0413834779544768,0.04163326488910976,-0.07520701356577687,0.10278845271395251,0.06659483306911688,-0.00543045952447612
Mozambique,0.4336856117092674,-0.12218809123324903,0.10400237328655518,-0.053310190639125135,0.10084254422042094,-0.0652697779930804,0.10152273377720744,-0.059810759053024,0.10525938967640415,0.030473895213309683,3.9961294886760456e-05,0.025318414889169586,-0.08513935415115573,0.035188735477123305,0.046279606005232156
Namibia,-0.05098780272670754,-0.2431478383139824,-0.26881617350546844,-0.05604907692946774,-0.051799454269839555,-0.07085217887553898,0.13880871326157002,-0.06830371671092444,0.08445019831798405,0.005575965549751498,-0.0013585850003005255,-0.08052217976739165,0.003827554651181748,0.039889529457157555,-0.009431098560529863
Nepal,0.3022774433249223,0.06399987289851958,-0.18280826419567295,0.03922681202878068,0.2520819970099037,-0.057355389390225095,0.05184157382181137,0.17134597094221393,0.06571787625522439,0.01984055828849626,0.021470299974557967,0.06588081599905084,-0.06183821690313612,0.010889709115196466,-0.004602203372687432
Netherlands,-1.5194498712064495,-0.16061613070166847,0.059287593326277664,0.11789517139210026,-0.029315561062024466,-0.05613358373911042,-0.0019335676757701841,0.05718069440819512,-0.00033450814851054904,0.028485530940118322,-0.03551883240290892,0.049297724167883326,0.04179749032525282,0.007319665265855528,-0.005499199416765561
New Zealand,-1.5363116790500984,-0.125854489841301,0.018054596572062126,0.09157950920076326,-0.027387173052731813,-0.06486433659933709,-0.029991387984424675,-0.04981117974715356,-0.00033696056915486416,-0.008955285863705205,0.03449580777458223,-0.03551470300522012,0.020560072503296004,-0.008298182629456636,0.024333603775456503
Nicaragua,0.4901704494595849,0.3341402502038725,0.031808210011706285,-0.023015058669054206,-0.10847162652805896,-0.07026148989255299,-0.02909048047098743,-0.03301897766062133,0.12116469092037697,-0.03651324209283564,-0.03392376144314986,0.022815138374307847,0.06382571661228445,0.01933627550295665,0.003225932541024698
Niger,0.14156317865503032,-0.059089812110304715,-0.06682365450068228,0.00015277083312512254,0.1440333680121777,0.04774448591614911,-0.0062633508547949735,0.015913744152570033,-0.0003892703374813302,-0.08059756640272724,-0.022079936553831208,0.06395102779302901,-0.08151382632621774,-0.08696117254810867,0.034579047200399685
Nigeria,0.24585959946116862,0.42685279546616545,-0.3225079940731668,-0.2013399539534821,0.3010570600626576,-0.14579868921306582,-0.055020659462809755,-0.09432230528796735,-0.1570245065090982,0.1378408029095454,0.08817817354372892,0.03254932074050726,-0.05497244940132304,0.020085284350649033,0.047423165612168444
North Korea,1.6884718069458693,-0.1634813512111066,0.25554868304367806,0.37115059386367966,0.04133786824983514,-0.23839487465018142,-0.114402688543457,0.1217653786284214,0.1238749558581422,-0.024422125999584765,-0.1180711877932881,-0.1150144354687708,-0.009919268856724629,0.10185791749099236,-0.07426933046447559
North Macedonia,-0.3429407249225229,0.25444853727377204,0.06872525065246521,-0.1627437570136394,0.003314857908185001,0.01118791768691147,0.04584421287912859,0.039374563025475304,-0.008558457421250673,-0.05469047934209321,0.07593037397016969,-0.060536299260203076,-0.01087398067813079,0.10084160861052191,-0.08867622266997294
Norway,-1.653654815278129,-0.14217310251640902,0.08309527855180829,0.09377933210758747,0.006646309772667789,-0.12422948354325504,-0.016868060097185934,0.03579510570064579,-0.031374337270137914,0.04831409154769826,-0.0027061561846618786,0.07310604387806469,0.014489853233283565,-0.024907830656321624,0.0019191492047207917
Oman,1.0254970315162473,-0.8388464662191923,-0.1977133645262443,-0.20825579268168135,-0.06983314667284188,-0.03607094759346938,-0.08265027023449947,-0.006153261324424246,-0.08935909317874173,-0.14598131187586064,0.032901467380806564,-0.058977848184512356,0.1038282536509176,0.01192491013068524,1.2271872697559344e-05
Pakistan,0.5805285609466513,0.24451273895860548,-0.19974008600712634,0.14497216430983184,0.09815979738478582,-0.08649728369264885,0.16510624429870913,-0.006852928545181279,0.08390205097097932,0.0028490373512676023,-0.11316746853049164,0.031173216604037,-0.037623598021052286,0.0444029526746884,-0.006344039893710678
Palestine/Gaza,0.9524824394571733,-0.380935743383575,-0.06857941005780076,0.13288018499626944,0.27355566021549643,0.05983303870414659,-0.2420836591450264,-0.21669984863056638,-0.09572219356358194,-0.05380176366461503,-0.007440661448570082,-0.00677407462210238,-0.12766592007768388,-0.07979079504099067,-0.016812401045332912
Palestine/West Bank,0.5800128271000391,-0.37476457580655653,-0.12173029798010271,-0.17734068801990963,-0.19138265669064844,-0.08584958129617797,0.16483758902077436,-0.09702552839757658,-0.1012749938276139,0.0026302160143934945,0.009066346690358981,0.06574005561345939,-0.10024878178588455,0.03607032660550077,0.015446243496422658
Panama,-0.11597833266125145,0.12776184726232362,-0.05037390272697326,-0.03684972188331139,0.008708554097186096,-0.0036100515419716156,-0.1507270589050629,-0.011306501622592082,-0.006036772680465416,-0.024650452392925806,-0.03804054601109737,-0.12559823975417156,0.067447515657617,0.04010517101137444,0.016804483890162508
Papua New Guinea,-0.20650947602854378,0.256361680998799,-0.5387572194401846,0.007768935249388807,0.02388665550284359,0.22517437020707334,0.040347813259248945,0.14076821916196255,0.0419224080305507,-0.06992138845202256,0.07200288050869966,-0.04126376313140569,-0.08713721602301015,0.006249119743549544,0.04410427920780157
Paraguay,0.3918287326867663,0.3962951625097798,-0.27656536764199036,0.031216749094821195,-0.10786548721156534,0.08754591464586296,0.042835600363000624,0.05371890362052964,0.019831878035747222,-0.031122780276876257,0.002449858056059426,-0.14391308913056655,0.1179484797617996,-0.01654094263851694,0.014729083976334774
Peru,-0.2622799149885925,0.058299604812678624,-0.1063624998251133,0.038330588121843735,-0.04105211954742516,-0.06501878761585911,-0.01562118125809399,-0.15704960810016733,0.07388898565607972,0.004355292415499381,-0.01728293609418044,-0.043363216994913245,0.042003587250837006,0.08395656705745862,-0.09720222789040231
Philippines,0.04671980884532498,0.3408419458242702,-0.024211040391622033,-0.08287219023945057,0.1407415495441294,-0.17625385532304133,0.19040584202475963,-0.09644514173465701,-0.052905587846345456,0.060659979659561006,0.046872926347857766,-0.037782254940180116,0.03974600303801251,-0.004018360863077864,-0.018795701341934007
Poland,-0.6977441273448776,-0.18343303202984584,0.2747195154934273,0.0041061723524817165,-0.06923790420689527,0.07940006667739048,0.044412254621844026,0.0035504712917842356,0.029267243418144694,-0.027049407525327862,-0.017134232058377913,-0.017795257055309436,0.0020009479004631453,-0.007788676367433013,0.04912987803369061
Portugal,-1.2453786441216619,-0.13441057630936618,0.014586547299418422,0.04915828211075868,-0.04611644845026323,-0.004147934615211111,-0.0293724801236688,0.017884590115535243,0.008294230028888362,0.04175010196961701,0.005033886602056342,-0.0030806864361860244,0.019439551747844844,0.007109832153930217,0.03839494561121127
Qatar,1.3026779782398645,-0.9623740775960776,-0.3210559366478135,-0.40841842983397375,-0.26011559037964105,-0.1590971542825174,-0.0037030575122413358,0.11115187707918352,0.09296114815328198,-0.04707788157339168,0.022175277745056725,-0.1039726820251606,-0.017546325901351974,-0.09396059511667858,0.036225861001281334
Republic of Vietnam,0.5440077201871585,0.06603210868648955,-0.17761569622983883,0.34405581825315895,-0.048789909870507256,0.04128189703153334,0.24156079972132746,-0.0470789642106884,-0.07065227359188873,0.006402815311927716,0.1546075552815115,0.15427444416683087,0.0319904449969837,0.045703967620272776,-0.07000895016788732
Republic of the Congo,1.0502317796104093,0.13970617256422357,-0.2189293463789764,0.197328655368624,0.019696513848345462,-0.03390154513545969,-0.09427827795995887,-0.08306876891190938,-0.04367646307134795,-0.05357857006349044,0.028664619448963462,-0.010702295191721225,0.0035221325965669576,0.004784186805822367,-0.03983965333791337
Romania,-0.08183705815376004,0.10820557295398191,0.296973614297979,-0.0630435081890348,-0.11211042572678387,-0.023736049278350078,-0.0007395410281816471,0.04255650813046824,0.04176055761365555,-0.0697823180063891,0.1008883185441075,-0.023910566041950097,-0.06157112491136233,0.03649974387112459,0.04178339809899184
Russia,0.6732413000696257,0.07102297730194103,0.30574884585411016,-0.03477238677554082,-0.01834199581497084,-0.07859012807480227,-0.11690039952223863,-0.019069982892560292,-0.03400234487612444,-0.05563307896948768,0.060674220842109695,0.010078198086413411,-0.007209412408926867,0.10188530543394511,0.010792414845768913
Rwanda,0.6359859344722689,-0.1705754446812838,0.292135492652035,0.06968111290714411,0.11284950689910729,0.023201970514743344,0.13871404775340287,-0.12527596768508031,-0.16519617595198663,-0.027893571622154053,-0.0841967677492675,-0.0087048990662984,0.07148689043588624,-0.013151934910444951,0.019680795901050322
Sao Tome and Principe,-0.27912444172430123,-0.16218667035898177,0.05894165401131463,-0.11672549032926584,0.04021877276930912,0.07912172477857504,0.10875658718822422,0.0023538857680522112,0.05899357189213387,-0.05975112358675384,-0.038232290310593685,-0.03650335943489059,0.05410717561096309,-0.026046006284800808,0.011564084270823932
Saudi Arabia,1.6164063766205083,-0.904173481712739,-0.46305538978181,-0.29681454170992294,-0.3461128637214983,-0.36114899913034304,0.022457100377492968,0.05725085549101894,-0.06741354210023212,0.14405629734719744,0.028506949902397456,-0.04523597788924638,-0.13546673138590717,-0.01136078930626966,0.002145398328452269
Senegal,-0.595580911927049,0.1078779009659681,0.024601237185245317,-0.06186800724744848,0.01643317830726731,0.025320017321413292,0.07253983572565519,-0.00886780797380146,0.05488002837632312,-0.008113727069706178,-0.0481929356231353,0.07172612524026908,0.012818814756968494,0.051274187708785945,0.08419713851520669
Serbia,0.16074051000079925,0.10360782479353274,0.20767961498962081,-0.22105357965079192,0.10329747045196035,0.02759860339759747,-0.032298829030733126,0.16891340818438424,-0.10160452498180439,-0.08261318889859283,0.08592231028716296,-0.09692649775190093,0.06774916620187683,0.04323760156142385,0.045268587415769904
Seychelles,-0.16577213156965756,-0.1741310564731779,0.2643397696744253,-0.13031968383030593,0.03320607767415541,0.24160762563241178,0.09799515575258044,0.04744027127466309,0.05287524264859192,0.013605825873369042,-0.05644041284808247,0.07905595444054787,0.06332567372580464,-0.03763596607606142,-0.05160120715293347
Sierra Leone,0.4195717033988413,0.2847362862571966,-0.1664888906898567,0.009281966098864999,0.056565582411589085,-0.08231517404837303,-0.0008982897979036691,-0.052620334888375135,0.0752937812105137,-0.03284487284633816,0.03622377411247789,0.04994229123074249,-0.07744737717803749,-0.04643125253994901,-0.012557507319108822
Singapore,-0.23178022088027925,-0.4856227726671338,0.3060232294320743,-0.06293881679799418,-0.05074303950817249,0.5321265620395287,0.15316041136271666,0.0051250599872048165,0.08633960858321217,-0.004684390943028303,0.05233911370052774,-0.031497620980436486,0.043992167488174895,-0.03630149144903123,-0.014136347193115057
Slovakia,-1.2179890485924114,0.06898370596499775,0.01715078355551997,0.02678304969179761,-0.041713289832163984,-0.09150441733220278,-0.025479306587712414,-0.004008349272748609,-0.003324141842479654,-0.03838386517648168,0.028604065354939194,-0.11019211275583185,0.04810209789439117,0.02524510670739674,0.004697531517091801
Slovenia,-1.3522354013965425,-0.05303983323814028,0.06044751746170762,0.05434254696606801,-0.028950488119483756,-0.09668838701899687,-0.04120410167209011,-0.012866255033029194,-0.05466392982923712,-0.055772602394161916,0.025555374958019204,-0.03886200152796716,-0.004139313486117722,0.011825520024805752,0.0030680602696729307
Solomon Islands,-0.2752633625241285,-0.028769095637498465,-0.4422322712824746,0.08847921790059407,-0.005317968307605896,0.2942365128293645,-0.01722846229947838,0.041934526662941576,0.06923240250791715,-0.15758953082886706,-0.020962121848835853,-0.003508536670010487,-0.052464917145960965,0.02464050754821461,0.0121469012157887
Somalia,1.3271944686548052,-0.12034524072082858,-0.3657890026135792,0.1453543722000016,-0.03698778372674887,-0.13707914266481083,-0.026695331555729517,-0.013929812962523755,0.04485567615291806,0.07653672595386941,0.023030315824253213,0.10978499014327012,-0.03436548711886023,0.04932439050446086,0.0016192724325691085
Somaliland,0.3276477005853558,0.050331622716297215,-0.5099934630625063,-0.3254846657153749,-0.0601951765553768,-0.03915157874489635,-0.08963543200616134,-0.08526961627394411,-0.006264524926523048,-0.08669448552218371,0.11166680938242185,0.11636241330395372,0.10384573736628849,0.06077893743181707,0.029427030566286386
South Africa,-0.13499125267451356,-0.05393727598147252,-0.26407895088550254,-0.015427870302891063,-0.14016245032914482,-0.236378916658686,0.27598960398504985,-0.042017700143721984,0.002686284049447359,0.04263668016351702,0.01854129419406939,-0.008575316372721839,0.007810040092152115,0.03737405879084558,-0.0045753644652929215
South Korea,-0.5545866089363696,-0.021370830813199453,0.05318985242591227,0.0022193148498570324,-0.10397471276464589,0.13506420196415636,-0.0718106601847533,0.016688899442764978,-0.09027851252816252,-0.003788122981075785,-0.0878630581731522,-0.056156565446378454,0.015385921527368422,0.0032621661146660895,-0.03281661995634261
South Sudan,1.237255636776999,0.22124195835140056,0.13048614996179686,0.1391026225437858,-0.0035814459644089333,-0.16524667096528645,0.20037674938472677,0.018835629743729085,0.14502279019242803,0.07306476899624506,0.06270892871287863,0.04192568274940455,0.08669496073927926,-0.07445565927140735,0.026657609355188818
South Yemen,0.8775743591101773,-0.8227393455133823,0.36442183256725974,0.32782979109299276,0.3132500149810388,0.13065868908292652,0.08726168769614027,-0.09842928788160885,-0.0802950921234567,0.09392754767146255,0.0468010155050701,-0.1016444791259604,-0.12467869365399456,0.008315675095812509,-0.03129247197338516
Spain,-1.157229019262522,-0.1677374415650862,0.037460034169748746,0.11587508631855323,-0.03989979366010957,-0.00353075096341851,-0.07766975417928616,-0.035129219634497624,0.0021527764297123273,0.044821903906866245,-0.018705870846490186,-0.03477529453273396,0.003201999297529049,0.003220895749879057,0.012326716707663627
Sri Lanka,-0.24859344466259212,0.055029006111775164,-0.03125895600231249,0.05402928863851423,-0.03594068759876667,0.1517416742272764,0.08888655161888298,-0.08600810628029726,-0.032139290204950044,0.02840936712308731,0.039155312977041584,-0.08637618465255006,-0.07427162725709185,0.02280168898558857,-0.04627480825405337
Sudan,1.220259080394877,-0.017841446054669557,-0.10630466102985014,0.3070521799436043,-0.07552977257593115,0.04748661872572996,0.013755539681207712,-0.09419674177085685,0.0777207046735897,-0.00015846852897844047,0.08684075060500296,0.06094272830237088,0.0016756370972638073,-0.017875305206356402,-0.021935737171007656
Suriname,-0.7946396071446736,-0.06987019045160824,-0.04016460810669021,0.006742228160644015,0.09105554249294835,0.0493225852924451,0.025326529399757523,-0.04103185362838727,0.060659775767546366,0.01846089929684616,-0.016022591426689888,-0.01854283105908242,0.012858830796151896,0.023006519395090474,0.0369301967161494
Sweden,-1.6954629494421327,-0.1304560235721079,0.06547328349109013,0.10838495757823298,-0.01584259017121833,-0.13976437487336352,-0.04082536933779051,0.03380953944452771,-0.013920982930493552,0.05155359811796182,-0.0018276969256652263,0.05440812618947953,0.02763719330881807,-0.013378652094500282,0.010165408486191563
Switzerland,-1.639007494715547,-0.11778069170860214,-0.0263431814175624,0.1452552503040505,-0.008866848282252615,-0.20957818701704495,-0.03786431361393297,-0.06410924052699929,-0.08584946182370702,-0.09506291161692124,0.051287801242097406,-0.013951827700800718,-0.034521708702297274,-0.011217995514142874,0.045821593355265776
Syria,1.420893705866963,0.12350868877226638,0.17868666838083314,0.1580050718298827,-0.2404873100239735,0.11341430588171439,-0.0301871615185164,-0.023919125070377443,-0.16368191097012444,0.1026730759913557,0.15437024762479065,-0.10946353538107952,0.030057441665006377,-0.07987779370162643,0.03739771798975077
Taiwan,-0.3784593987761763,-0.1336727794532877,0.11145901558093245,-0.019202336758155025,0.10458831931081537,-0.03207979006642336,-0.12816758306605988,-0.001362523100561128,-0.01226462475485194,-0.09557369849997158,-0.11558977545489314,0.02679345469396098,0.04452054827096924,0.03120334510513499,-0.0706081048783607
Tajikistan,1.1039669518442723,0.30284996843487777,0.07018281620071508,0.03333995426360807,-0.2037007329791149,0.08383030973055876,-0.03466687044494099,-0.023330943679516963,-0.059381829616288725,0.06381315780470287,0.04375280285250245,-0.0020764052625284017,0.023820884433168,-0.05884579232890932,0.014630527836662308
Tanzania,-0.2926490468520388,-0.1896220800798587,0.18572389582086254,-0.08061076278895533,0.17982264097336345,0.13450235123700313,0.22896351149986957,0.05758125176425567,-0.007531938094592118,-0.09223461191968456,0.04433595807260371,0.11321999054467374,0.02257625656173176,0.005005544281845232,-0.03605780085462489
Thailand,0.27414842945972395,0.15254518255010546,-0.0039021135838455743,-0.13656227607758062,0.22091882539637037,0.03334781231996912,0.12487437081506784,0.04684824403773041,0.011179470392997087,0.18844662366572507,-0.044018347999402976,-0.058318691884035656,0.02999960871512605,-0.06162654588499805,-0.0590732583350599
The Gambia,0.15133477320660058,0.04949015401309338,-0.06471691529446023,-0.0005917371552223417,-0.04607134203322925,0.2383470349832806,0.04356915936592731,-0.023252309056876367,-0.008766084855063002,-0.032092824161900804,-0.07632465279424894,-0.11445040565262769,-0.01127805760323124,0.02451862436607277,0.0042876274168214285
Timor-Leste,-0.5596275598210548,0.040004659108425565,-0.01312666435451961,-0.021154779408157524,-0.009344377597040304,0.03918254285987345,0.0849814642812321,-0.007961564162007594,0.21444830966656517,-0.07151181860258038,-0.07158126374051697,0.0024378157760525086,0.00950293094970993,-0.002846426135294554,-0.003336202091429364
Togo,0.6116379440639022,0.2589061141524547,0.1379003856625358,-0.13723567033730386,-0.04421921586908894,0.042272500581195964,-0.1268004090762029,-0.02657628890980807,-0.13411080359365704,0.07464416796243221,-0.17551237306386955,0.02803082572718768,-0.04491119105583567,0.012535418125605827,-0.03839725002177661
Trinidad and Tobago,-1.0713517422832128,-0.07925066987653663,0.0072230073661960735,0.026372083204504144,-0.04271627706843247,0.0749674098735484,0.0062450488777928735,-0.010745998420363707,0.07042499137422172,-0.009318328931493203,-0.04136653890913933,0.019213710082216374,0.0035145261967501787,0.005544752588761975,0.008275702914289425
Tunisia,0.3348673733875963,0.06414864725234647,0.18873340282653173,-0.050421109167674234,-0.028804822133296472,0.07063520451779641,0.02432272428096289,0.020438958979197185,-0.21452122208796856,-0.04189707948287919,-0.044223478123084525,-0.0042112483871293484,0.01761095937538828,-0.0246509455685675,0.056222972916957326
Turkmenistan,1.5281280919505635,0.12765536329569138,0.24076425652524922,0.23557044894893367,-0.1994230557275097,-0.07668894359297306,0.02826885337906186,0.07517537875111642,0.04496236960972519,0.01680660294329085,0.051002693323150904,-0.06509414964902553,-0.003681575592219221,-0.055260227150555466,0.015326406343107243
Türkiye,0.03308416204989526,0.07374050239555702,-0.05839880278840699,0.20152874744653082,-0.08174971886214694,0.07887126491567971,0.07806936267889815,-0.029262665034691052,-0.14983622436379032,-0.06915956661122448,-0.1402067757081449,-0.10415520877983955,-0.036138200270975744,0.07595576740573534,-0.044633255161706784
Uganda,0.5452807294778825,0.18047861491864522,0.11557777949376039,-0.06308087504933062,0.17241767825448726,-0.11624989515737916,0.06794200455423405,-0.04167403555519117,-0.1454070846869528,0.050463837205691364,-0.022425136991761897,0.14890051573103408,0.057014502527199466,-0.0014160536199793188,0.0012348351334557951
Ukraine,-0.14859992315278647,0.45172335846391937,0.1044617213768611,-0.26849705865838136,-0.015339004514955313,-0.059827373894238374,-0.08459951554359214,0.004830488903365621,-0.09264451049139012,0.011556842344312984,0.0535047284121019,0.01694789982253155,0.02139142774245697,0.09944892856563414,0.007679093937201124
United Arab Emirates,1.198166195357336,-1.1218596998281716,-0.2839037969374182,-0.36298120872105843,-0.3290141853601071,-0.16350583552669629,0.00810434166134362,-0.09556926974576432,0.10175177786843603,-0.012335364655411348,0.011812869941721418,0.0384727332404878,0.08911728483783135,0.05506484757455782,-0.03109067598239453
United Kingdom,-1.387629788727633,-0.1349125417925884,-0.015774561308776962,0.135687550685677,-0.012871088769551621,-0.03535608999688262,0.0019127933318406846,-0.07027454120490201,-0.029419755692760646,0.03588209308270243,-0.010631412500282374,0.02742672001208717,0.012247462311270784,-0.01696012419581083,0.007298549275057975
United States of America,-1.4432437173714343,-0.09657795023915557,-0.08512040970340612,0.11832082156624729,0.0010619210861679861,-0.050107407894003045,0.009322766293358422,-0.06772919822963762,0.0218704381086126,0.019505752440274863,-0.03922352605431314,0.04530832066517792,0.04150727372488488,-0.04012116644611888,0.02219858410774383
Uruguay,-0.9259197564385213,-0.16397337360999253,0.006716120186798672,0.12621227007404698,0.013298016288679118,-0.056376194731779614,-0.1173073513961039,-0.1245050852530066,-0.10475070316238534,-0.054086961775391434,-0.009466027618381737,-0.043829102927975226,-0.01968659545390925,0.008712976251977167,0.03935310899682923
Uzbekistan,1.2049256071501024,0.20123197252910383,0.3626612228228384,0.08110894473190612,-0.25185923424102663,-0.03909350412600952,0.05209047041971467,0.06148133958312744,0.0742077826370165,-0.007630491067965663,0.029218299205636095,0.018246104101782824,0.018156936485719505,-0.07951717986321347,-0.034781544905038014
Vanuatu,-0.6963593847801887,-0.06265821371686285,-0.2582639458881346,-0.08304209405371617,0.017492811915679207,0.1412568788502514,0.005865717043832691,0.134749943486975,0.05231166624899791,0.0301691477254237,0.03353102678479412,0.02655900109048739,-0.10300527327110442,-0.04813659003516903,-0.007188536532741817
Venezuela,-0.23785105924269642,0.45171240013479036,0.02357566205186036,-0.17600980890440152,-0.03907727960498331,-0.10509962596571894,-0.08031233100626388,-0.009744520061451654,-0.035192548547618996,0.029421438627584853,0.0674482844317827,-0.04843249684620917,0.03826897513456105,-0.014157166942228487,0.008766527596801051
Vietnam,0.6646083559621448,-0.23201831844573598,0.4233467474341117,0.03363481817147653,0.2767329386180863,-0.31180220366163935,-0.059488430890245615,-0.10385069093497223,-0.03642838889160947,-0.28637421030638555,0.12687846036949937,0.13914669106098088,0.09964129601870707,-0.03162790292489744,-0.09589332815345411
Yemen,1.135970608453175,-0.12120962522433143,-0.3160883382666836,0.301241710612266,-0.017271980882608805,0.1588315654288641,-0.06155237045430493,-0.036278952829726194,0.0423251828448343,0.029941204227562152,0.03699036419438283,0.055983562507702304,0.021933708049779607,0.017474234964694777,0.0065096605559834125
Zambia,-0.1338428117839812,-0.0698369429718943,0.00672500738942263,-0.008163939993129202,0.1155499569691382,0.11073709609181973,0.1838286427829812,-0.14379997625270488,-0.0712399367824243,-0.10455615952796384,0.1065033173874247,0.06535228779217293,-0.014091884370421387,-0.08333446956234092,0.042075406308529635
Zanzibar,0.5286474674489557,-0.11601716148441564,0.09971949486548237,-0.3986219324080832,-0.08631951322213695,-0.28156111171470644,0.2023057851335467,0.21738230195082137,-0.1165703803260199,-0.09982949739215127,-0.21836694544734597,0.06476697876744905,0.012246726257074706,0.021961926492656575,-0.02055943876676486
Zimbabwe,0.3777805464470212,0.06269368325647724,-0.015138198280177487,-0.033282182370202584,0.030971758101034697,-0.058370760355852286,0.24531738393154054,-0.2096910959020523,-0.21505782942058516,0.041323813132353976,-0.047375348542278164,-0.03873118539968039,-0.02344982833185418,0.016587560447657676,-0.027015539479232117
